{
  "synthetic_features": true,
  "metrics": [
    {
      "drug": "erythromycin",
      "tier": "A",
      "n_test": 551,
      "n_resistant": 173,
      "n_susceptible": 378,
      "auroc": 0.9865278160075848,
      "pr_auc": 0.9585414428507814,
      "balanced_accuracy": 0.9636510994892498,
      "recall_resistant": 0.953757225433526,
      "recall_susceptible": 0.9735449735449735,
      "f1": 0.9482758620689655,
      "brier": 0.027377866231986833,
      "no_call_rate": 0.02722323049001818,
      "accuracy_on_called": 0.9776119402985075,
      "reliability": {
        "mean_predicted": [
          0.0017006802721088433,
          0.22617787559279945,
          0.48038882738439503,
          0.5112823583569243,
          0.6153846153846154,
          0.7355869587816491,
          1.0
        ],
        "observed_frequency": [
          0.0058309037900874635,
          0.15625,
          1.0,
          0.6666666666666666,
          0.625,
          1.0,
          0.96875
        ],
        "count": [
          343,
          32,
          1,
          6,
          8,
          1,
          160
        ]
      }
    },
    {
      "drug": "ciprofloxacin",
      "tier": "A",
      "n_test": 498,
      "n_resistant": 103,
      "n_susceptible": 395,
      "auroc": 0.9866412682806931,
      "pr_auc": 0.9323771637247731,
      "balanced_accuracy": 0.9430256851419443,
      "recall_resistant": 0.941747572815534,
      "recall_susceptible": 0.9443037974683545,
      "f1": 0.8738738738738738,
      "brier": 0.03721817655962609,
      "no_call_rate": 0.04016064257028118,
      "accuracy_on_called": 0.9686192468619247,
      "reliability": {
        "mean_predicted": [
          0.017052779898629702,
          0.2765146172583274,
          0.590909090909091,
          0.7506140971993069,
          0.8695833333333335,
          1.0
        ],
        "observed_frequency": [
          0.015873015873015872,
          0.0,
          0.35,
          0.75,
          0.95,
          0.9803921568627451
        ],
        "count": [
          378,
          1,
          20,
          28,
          20,
          51
        ]
      }
    },
    {
      "drug": "gentamicin",
      "tier": "A",
      "n_test": 534,
      "n_resistant": 37,
      "n_susceptible": 497,
      "auroc": 0.9911088150524769,
      "pr_auc": 0.8429299874906626,
      "balanced_accuracy": 0.9514111697210289,
      "recall_resistant": 0.918918918918919,
      "recall_susceptible": 0.9839034205231388,
      "f1": 0.8607594936708861,
      "brier": 0.01885345214180114,
      "no_call_rate": 0.011235955056179803,
      "accuracy_on_called": 0.9829545454545454,
      "reliability": {
        "mean_predicted": [
          0.005186850156726093,
          0.17361258554328687,
          0.3333333333333333,
          0.41126667356972996,
          0.6553309620489164,
          0.8436646093798648,
          1.0
        ],
        "observed_frequency": [
          0.002145922746781116,
          0.05,
          0.0,
          0.2,
          0.3333333333333333,
          0.0,
          0.868421052631579
        ],
        "count": [
          466,
          20,
          1,
          5,
          3,
          1,
          38
        ]
      }
    },
    {
      "drug": "tetracycline",
      "tier": "A",
      "n_test": 497,
      "n_resistant": 93,
      "n_susceptible": 404,
      "auroc": 0.9810231023102312,
      "pr_auc": 0.9403708844015766,
      "balanced_accuracy": 0.8494623655913979,
      "recall_resistant": 0.6989247311827957,
      "recall_susceptible": 1.0,
      "f1": 0.8227848101265823,
      "brier": 0.03474315694457631,
      "no_call_rate": 0.05030181086519114,
      "accuracy_on_called": 0.9766949152542372,
      "reliability": {
        "mean_predicted": [
          0.007597340930674265,
          0.2857142857142857,
          0.38398352626503135,
          0.975341707960965
        ],
        "observed_frequency": [
          0.024691358024691357,
          0.5,
          0.68,
          1.0
        ],
        "count": [
          405,
          2,
          25,
          65
        ]
      }
    },
    {
      "drug": "penicillin",
      "tier": "A",
      "n_test": 483,
      "n_resistant": 446,
      "n_susceptible": 37,
      "auroc": 0.879681250757484,
      "pr_auc": 0.9850880118784698,
      "balanced_accuracy": 0.7931159859410981,
      "recall_resistant": 0.8565022421524664,
      "recall_susceptible": 0.7297297297297297,
      "f1": 0.9116945107398569,
      "brier": 0.07184981866269707,
      "no_call_rate": 0.15527950310559002,
      "accuracy_on_called": 0.9436274509803921,
      "reliability": {
        "mean_predicted": [
          0.0,
          0.28571428571428564,
          0.48893726231479806,
          0.854819033440087,
          0.9964623035076594
        ],
        "observed_frequency": [
          1.0,
          0.8,
          0.68,
          0.7419354838709677,
          0.9944598337950139
        ],
        "count": [
          1,
          15,
          75,
          31,
          361
        ]
      }
    },
    {
      "drug": "fusidic_acid",
      "tier": "A",
      "n_test": 360,
      "n_resistant": 29,
      "n_susceptible": 331,
      "auroc": 0.9852588811334515,
      "pr_auc": 0.9282566653181346,
      "balanced_accuracy": 0.9241066777789353,
      "recall_resistant": 0.896551724137931,
      "recall_susceptible": 0.9516616314199395,
      "f1": 0.7323943661971831,
      "brier": 0.022257210607362233,
      "no_call_rate": 0.047222222222222276,
      "accuracy_on_called": 0.9912536443148688,
      "reliability": {
        "mean_predicted": [
          0.010009048136338586,
          0.16666666666666666,
          0.25165092602465083,
          0.5652173913043478,
          0.9988220359691288
        ],
        "observed_frequency": [
          0.003278688524590164,
          0.0,
          0.2222222222222222,
          0.058823529411764705,
          1.0
        ],
        "count": [
          305,
          4,
          9,
          17,
          25
        ]
      }
    },
    {
      "drug": "clindamycin",
      "tier": "A",
      "n_test": 355,
      "n_resistant": 127,
      "n_susceptible": 228,
      "auroc": 0.9766369664318276,
      "pr_auc": 0.9578265701416869,
      "balanced_accuracy": 0.9106920845420639,
      "recall_resistant": 0.8740157480314961,
      "recall_susceptible": 0.9473684210526315,
      "f1": 0.888,
      "brier": 0.053598171262225006,
      "no_call_rate": 0.05633802816901412,
      "accuracy_on_called": 0.9492537313432836,
      "reliability": {
        "mean_predicted": [
          0.010015908019281365,
          0.14118558308029133,
          0.41173948922562004,
          0.6073667761436401,
          0.7167450962453079,
          0.8827048192062867,
          0.9817416537812486
        ],
        "observed_frequency": [
          0.015463917525773196,
          0.15789473684210525,
          0.5263157894736842,
          0.0,
          0.2,
          0.7647058823529411,
          0.97
        ],
        "count": [
          194,
          19,
          19,
          1,
          5,
          17,
          100
        ]
      }
    },
    {
      "drug": "cefoxitin",
      "tier": "A",
      "n_test": 296,
      "n_resistant": 155,
      "n_susceptible": 141,
      "auroc": 0.897254632807138,
      "pr_auc": 0.8956138004708483,
      "balanced_accuracy": 0.8545412948981926,
      "recall_resistant": 0.7870967741935484,
      "recall_susceptible": 0.9219858156028369,
      "f1": 0.8472222222222222,
      "brier": 0.12485290726853007,
      "no_call_rate": 0.10135135135135132,
      "accuracy_on_called": 0.8796992481203008,
      "reliability": {
        "mean_predicted": [
          0.009569679814145924,
          0.10526315789473682,
          0.2402061665291204,
          0.43141266883885276,
          0.7,
          0.7793828836568311,
          0.8550753947625779,
          1.0
        ],